{
  "Total" : {
    "transaction" : "Total",
    "sampleCount" : 2000,
    "errorCount" : 0,
    "errorPct" : 0.0,
    "meanResTime" : 26.927500000000002,
    "medianResTime" : 16.0,
    "minResTime" : 7.0,
    "maxResTime" : 229.0,
    "pct1ResTime" : 57.0,
    "pct2ResTime" : 72.94999999999982,
    "pct3ResTime" : 105.99000000000001,
    "throughput" : 10.041521692197234,
    "receivedKBytesPerSec" : 471.3729552951454,
    "sentKBytesPerSec" : 1.3434457732724816
  },
  "HTTP Request" : {
    "transaction" : "HTTP Request",
    "sampleCount" : 2000,
    "errorCount" : 0,
    "errorPct" : 0.0,
    "meanResTime" : 26.927500000000002,
    "medianResTime" : 16.0,
    "minResTime" : 7.0,
    "maxResTime" : 229.0,
    "pct1ResTime" : 57.0,
    "pct2ResTime" : 72.94999999999982,
    "pct3ResTime" : 105.99000000000001,
    "throughput" : 10.041521692197234,
    "receivedKBytesPerSec" : 471.3729552951454,
    "sentKBytesPerSec" : 1.3434457732724816
  }
}